<?xml version="1.0" encoding="UTF-8"?>
<project-private xmlns="http://www.netbeans.org/ns/project-private/1">
    <editor-bookmarks xmlns="http://www.netbeans.org/ns/editor-bookmarks/2" lastBookmarkId="0"/>
    <open-files xmlns="http://www.netbeans.org/ns/projectui-open-files/2">
        <group>
            <file>file:/Users/kilian/Desktop/Amazones-master-4/src/edu/upc/epsevg/prop/amazons/players/RandomPlayer.java</file>
            <file>file:/Users/kilian/Desktop/Amazones-master-4/src/edu/upc/epsevg/prop/amazons/JControlsPanel.java</file>
            <file>file:/Users/kilian/Desktop/Amazones-master-4/src/edu/upc/epsevg/prop/amazons/heuristica.java</file>
            <file>file:/Users/kilian/Desktop/Amazones-master-4/src/edu/upc/epsevg/prop/amazons/AmazonsBoard.java</file>
            <file>file:/Users/kilian/Desktop/Amazones-master-4/src/edu/upc/epsevg/prop/amazons/players/HumanPlayer.java</file>
            <file>file:/Users/kilian/Desktop/Amazones-master-4/src/edu/upc/epsevg/prop/amazons/players/amazonxes.java</file>
            <file>file:/Users/kilian/Desktop/Amazones-master-4/src/edu/upc/epsevg/prop/amazons/Amazons.java</file>
        </group>
    </open-files>
</project-private>
